run_id,seed,epsilon,alpha,deletion_fraction,validity_status,deletion_manifest,dp_only_acc,retained_ft_acc,target_retrain_acc,target_retrain_median_acc,dp_only_mia_adv,retained_ft_mia_adv,target_retrain_mia_adv,ft_mub_acc,ft_mub_mia,classification,cached_recon_acc,cached_recon_mia_adv,cached_recon_mub_acc,cached_recon_mub_mia,federated_eraser_acc,federated_eraser_mia_adv,federated_eraser_mub_acc,federated_eraser_mub_mia,federated_eraser_storage_bytes,federated_eraser_runtime_s
cell_eps1_a0.1_del100pct_s20260901_bfb190b7,20260901,0.9998622956984,0.1,1.0,INVALID,partitions\generated\deletion_7da128d9f9d59d50.csv,0.09799999743700027,0.12449999898672104,0.10300000011920929,0.09049999713897705,0.025000000000000022,0.10833333333333334,0.07499999999999996,0.0265,0.01667,UNLEARNING-BENEFICIAL,0.09749999642372131,0.01666666666666672,-0.0005,-0.00833,0.0949999988079071,0.025000000000000022,-0.003,0.0,100761856,5.948
cell_eps1_a0.1_del100pct_s20260902_5badf49e,20260902,0.9998622956984,0.1,1.0,INVALID,partitions\generated\deletion_7da128d9f9d59d50.csv,0.09799999743700027,0.1080000028014183,0.0949999988079071,0.0949999988079071,0.09090909090909094,0.036363636363636376,0.1515151515151516,0.01,-0.01818,INCONCLUSIVE,0.09799999743700027,0.09696969696969693,0.0,-0.00606,0.09799999743700027,0.10909090909090902,0.0,-0.01818,103910664,6.371
cell_eps1_a0.1_del100pct_s20260903_161a9ab2,20260903,0.9998622956984,0.1,1.0,INVALID,partitions\generated\deletion_7da128d9f9d59d50.csv,0.09000000357627869,0.09700000286102295,0.08250000327825546,0.0949999988079071,0.055118110236220486,0.03937007874015741,0.05511811023622043,0.007,-0.01575,REDUNDANT,0.08950000256299973,0.055118110236220486,-0.0005,0.0,0.08749999850988388,0.047244094488189003,-0.0025,-0.00787,102215152,6.267
cell_eps1_a0.1_del25pct_s20260901_200a5503,20260901,0.9998622956984,0.1,0.25,INVALID,partitions\generated\deletion_77ffd853a1877089.csv,0.09799999743700027,0.12800000607967377,0.10400000214576721,0.09200000017881393,0.040000000000000036,0.18,0.12,0.03,0.02,UNLEARNING-BENEFICIAL,,,,,,,,,,
cell_eps1_a0.1_del25pct_s20260902_752dcc1b,20260902,0.9998622956984,0.1,0.25,INVALID,partitions\generated\deletion_7f8a74713cc7b768.csv,0.09799999743700027,0.10400000214576721,0.0949999988079071,0.0949999988079071,0.18,0.05999999999999994,0.22000000000000003,0.006,0.08,UNLEARNING-BENEFICIAL,,,,,,,,,,
cell_eps1_a0.1_del25pct_s20260903_db82c53e,20260903,0.9998622956984,0.1,0.25,INVALID,partitions\generated\deletion_d6c2df1df156ecd9.csv,0.09000000357627869,0.09950000047683716,0.08250000327825546,0.0925000011920929,0.12000000000000005,0.06,0.07999999999999996,0.0095,0.02,UNLEARNING-BENEFICIAL,,,,,,,,,,
cell_eps1_a0.3_del100pct_s20260901_6f06cf2c,20260901,0.9998622956984,0.3,1.0,INVALID,partitions\generated\deletion_7da128d9f9d59d50.csv,0.1014999970793724,0.10999999940395355,0.1120000034570694,0.1014999970793724,0.0763888888888889,0.02777777777777779,0.0763888888888889,0.0085,-0.04861,UNLEARNING-HARMFUL,0.10300000011920929,0.0763888888888889,0.0015,0.0,0.10350000113248825,0.0763888888888889,0.002,0.0,100761856,6.45
cell_eps1_a0.3_del100pct_s20260902_eae1fe5e,20260902,0.9998622956984,0.3,1.0,INVALID,partitions\generated\deletion_7da128d9f9d59d50.csv,0.09799999743700027,0.10499999672174454,0.0949999988079071,0.09099999815225601,0.06989247311827951,0.016129032258064502,0.06989247311827956,0.007,-0.05376,UNLEARNING-HARMFUL,0.09799999743700027,0.06451612903225801,0.0,-0.00538,0.09799999743700027,0.053763440860215006,0.0,-0.01613,103910664,6.671
cell_eps1_a0.3_del100pct_s20260903_7508dcde,20260903,0.9998622956984,0.3,1.0,INVALID,partitions\generated\deletion_7da128d9f9d59d50.csv,0.08550000190734863,0.11699999868869781,0.09099999815225601,0.09099999815225601,0.11267605633802819,0.056338028169014065,0.028169014084507005,0.0315,0.05634,UNLEARNING-BENEFICIAL,0.08399999886751175,0.11971830985915494,-0.0015,-0.00704,0.08349999785423279,0.11971830985915494,-0.002,-0.00704,102215152,6.032
cell_eps1_a0.3_del25pct_s20260901_ef2ae21a,20260901,0.9998622956984,0.3,0.25,INVALID,partitions\generated\deletion_77ffd853a1877089.csv,0.1014999970793724,0.11999999731779099,0.11249999701976776,0.10000000149011612,0.1,0.14,0.12,0.0185,0.04,UNLEARNING-BENEFICIAL,,,,,,,,,,
cell_eps1_a0.3_del25pct_s20260902_c055b17c,20260902,0.9998622956984,0.3,0.25,INVALID,partitions\generated\deletion_7f8a74713cc7b768.csv,0.09799999743700027,0.10249999910593033,0.09449999779462814,0.08950000256299973,0.16000000000000003,0.020000000000000018,0.12000000000000005,0.0045,-0.02,UNLEARNING-HARMFUL,,,,,,,,,,
cell_eps1_a0.3_del25pct_s20260903_b82b8e25,20260903,0.9998622956984,0.3,0.25,INVALID,partitions\generated\deletion_d6c2df1df156ecd9.csv,0.08550000190734863,0.11749999970197678,0.09099999815225601,0.09099999815225601,0.09999999999999998,0.06,0.07999999999999996,0.032,0.0,UNLEARNING-BENEFICIAL,,,,,,,,,,
cell_eps1_a1_del100pct_s20260901_f2ed35bb,20260901,0.9998622956984,1.0,1.0,INVALID,partitions\generated\deletion_7da128d9f9d59d50.csv,0.10700000077486038,0.10999999940395355,0.11550000309944153,0.09350000321865082,0.03999999999999998,0.030000000000000027,0.020000000000000004,0.003,0.01,INCONCLUSIVE,0.10700000077486038,0.04500000000000004,0.0,-0.005,0.10750000178813934,0.04500000000000001,0.0005,-0.005,100761856,6.135
cell_eps1_a1_del100pct_s20260902_a3ceb537,20260902,0.9998622956984,1.0,1.0,INVALID,partitions\generated\deletion_7da128d9f9d59d50.csv,0.10450000315904617,0.10899999737739563,0.08649999648332596,0.09099999815225601,0.050000000000000044,0.020000000000000018,0.10999999999999999,0.0045,-0.03,UNLEARNING-HARMFUL,0.10450000315904617,0.05499999999999999,0.0,0.005,0.10450000315904617,0.05500000000000005,0.0,0.005,103910664,6.404
cell_eps1_a1_del100pct_s20260903_c3b8ad97,20260903,0.9998622956984,1.0,1.0,INVALID,partitions\generated\deletion_7da128d9f9d59d50.csv,0.09099999815225601,0.11749999970197678,0.0860000029206276,0.0860000029206276,0.06,0.024999999999999994,0.03500000000000003,0.0265,0.015,UNLEARNING-BENEFICIAL,0.09200000017881393,0.060000000000000005,0.001,-0.0,0.0925000011920929,0.055,0.0015,0.005,102215152,6.044
cell_eps1_a1_del25pct_s20260901_91d52ad2,20260901,0.9998622956984,1.0,0.25,INVALID,partitions\generated\deletion_77ffd853a1877089.csv,0.10700000077486038,0.13500000536441803,0.11599999666213989,0.09399999678134918,0.06000000000000005,0.07999999999999999,0.07999999999999999,0.028,0.02,UNLEARNING-BENEFICIAL,,,,,,,,,,
cell_eps1_a1_del25pct_s20260902_f5be3837,20260902,0.9998622956984,1.0,0.25,INVALID,partitions\generated\deletion_7f8a74713cc7b768.csv,0.10450000315904617,0.10949999839067459,0.08900000154972076,0.09000000357627869,0.09999999999999998,0.06,0.18000000000000005,0.005,-0.04,UNLEARNING-HARMFUL,,,,,,,,,,
cell_eps1_a1_del25pct_s20260903_f6bbc9ac,20260903,0.9998622956984,1.0,0.25,INVALID,partitions\generated\deletion_d6c2df1df156ecd9.csv,0.09099999815225601,0.11649999767541885,0.08500000089406967,0.08500000089406967,0.14,0.020000000000000018,0.15999999999999998,0.0255,0.04,UNLEARNING-BENEFICIAL,,,,,,,,,,
cell_eps2_a0.1_del100pct_s20260901_7c7478e9,20260901,1.9993910949255085,0.1,1.0,INVALID,partitions\generated\deletion_7da128d9f9d59d50.csv,0.09650000184774399,0.10400000214576721,0.11299999803304672,0.10750000178813934,0.07500000000000001,0.05833333333333335,0.05833333333333332,0.0075,-0.01667,INCONCLUSIVE,0.0925000011920929,0.06666666666666665,-0.004,-0.00833,0.09399999678134918,0.08333333333333337,-0.0025,-0.00833,76055824,5.526
cell_eps2_a0.1_del100pct_s20260901_e024ac78,20260901,2.0006767867568085,0.1,1.0,INVALID,partitions\generated\deletion_7da128d9f9d59d50.csv,0.10499999672174454,0.10949999839067459,0.11249999701976776,0.08950000256299973,0.04166666666666666,0.1166666666666667,0.08333333333333337,0.0045,-0.075,UNLEARNING-HARMFUL,0.10300000011920929,0.033333333333333354,-0.002,-0.00833,0.11150000244379044,0.05833333333333335,0.0065,-0.01667,100761856,8.682
cell_eps2_a0.1_del100pct_s20260902_cd973c10,20260902,2.0006767867568085,0.1,1.0,INVALID,partitions\generated\deletion_7da128d9f9d59d50.csv,0.09749999642372131,0.10450000315904617,0.09149999916553497,0.09149999916553497,0.10303030303030303,0.042424242424242475,0.11515151515151523,0.007,-0.01212,INCONCLUSIVE,0.09749999642372131,0.10303030303030303,0.0,0.0,0.10050000250339508,0.09090909090909094,0.003,0.01212,103910664,7.636
cell_eps2_a0.1_del100pct_s20260903_34c8786d,20260903,2.0006767867568085,0.1,1.0,INVALID,partitions\generated\deletion_7da128d9f9d59d50.csv,0.08399999886751175,0.10499999672174454,0.08299999684095383,0.0860000029206276,0.07086614173228345,0.047244094488189003,0.047244094488189003,0.021,0.02362,UNLEARNING-BENEFICIAL,0.08299999684095383,0.07874015748031493,-0.001,-0.00787,0.0794999971985817,0.10236220472440949,-0.0045,-0.0315,102215152,7.462
cell_eps2_a0.1_del25pct_s20260901_6cf6c259,20260901,2.0006767867568085,0.1,0.25,INVALID,partitions\generated\deletion_77ffd853a1877089.csv,0.10499999672174454,0.13050000369548798,0.10750000178813934,0.09200000017881393,0.020000000000000018,0.12,0.1,0.0255,0.06,UNLEARNING-BENEFICIAL,,,,,,,,,,
cell_eps2_a0.1_del25pct_s20260902_a6edd436,20260902,2.0006767867568085,0.1,0.25,INVALID,partitions\generated\deletion_7f8a74713cc7b768.csv,0.09749999642372131,0.10700000077486038,0.09300000220537186,0.09300000220537186,0.10000000000000009,0.12,0.24,0.0095,-0.02,INCONCLUSIVE,,,,,,,,,,
cell_eps2_a0.1_del25pct_s20260903_e43acea5,20260903,2.0006767867568085,0.1,0.25,INVALID,partitions\generated\deletion_d6c2df1df156ecd9.csv,0.08399999886751175,0.09849999845027924,0.08250000327825546,0.0860000029206276,0.16000000000000003,0.06,0.09999999999999998,0.0145,0.02,UNLEARNING-BENEFICIAL,,,,,,,,,,
cell_eps2_a0.3_del100pct_s20260901_50ad0634,20260901,2.0006767867568085,0.3,1.0,INVALID,partitions\generated\deletion_7da128d9f9d59d50.csv,0.10949999839067459,0.11500000208616257,0.11649999767541885,0.10000000149011612,0.11805555555555558,0.14583333333333337,0.08333333333333337,0.0055,-0.02778,UNLEARNING-HARMFUL,0.11150000244379044,0.10416666666666663,0.002,0.01389,0.11400000005960464,0.11111111111111113,0.0045,0.00694,100761856,5.795
cell_eps2_a0.3_del100pct_s20260902_29fbc09e,20260902,2.0006767867568085,0.3,1.0,INVALID,partitions\generated\deletion_7da128d9f9d59d50.csv,0.09799999743700027,0.10899999737739563,0.07699999958276749,0.08049999922513962,0.05376344086021512,0.01612903225806453,0.07526881720430106,0.011,-0.03763,UNLEARNING-HARMFUL,0.09849999845027924,0.05913978494623662,0.0005,0.00538,0.09749999642372131,0.06451612903225801,-0.0005,0.01075,103910664,18.052
cell_eps2_a0.3_del100pct_s20260903_e8698fdc,20260903,2.0006767867568085,0.3,1.0,INVALID,partitions\generated\deletion_7da128d9f9d59d50.csv,0.08950000256299973,0.11749999970197678,0.09099999815225601,0.09099999815225601,0.12676056338028174,0.03521126760563387,0.028169014084507005,0.028,0.07746,UNLEARNING-BENEFICIAL,0.08900000154972076,0.12676056338028163,-0.0005,0.0,0.08699999749660492,0.12676056338028163,-0.0025,0.0,102215152,5.948
cell_eps2_a0.3_del25pct_s20260901_3315a74a,20260901,2.0006767867568085,0.3,0.25,INVALID,partitions\generated\deletion_77ffd853a1877089.csv,0.10949999839067459,0.11249999701976776,0.11599999666213989,0.0989999994635582,0.1,0.08000000000000002,0.07999999999999996,0.003,-0.02,INCONCLUSIVE,,,,,,,,,,
cell_eps2_a0.3_del25pct_s20260902_290c1787,20260902,2.0006767867568085,0.3,0.25,INVALID,partitions\generated\deletion_7f8a74713cc7b768.csv,0.09799999743700027,0.10649999976158142,0.08349999785423279,0.08250000327825546,0.18000000000000005,0.02,0.12,0.0085,-0.04,UNLEARNING-HARMFUL,,,,,,,,,,
cell_eps2_a0.3_del25pct_s20260903_dd3028b5,20260903,2.0006767867568085,0.3,0.25,INVALID,partitions\generated\deletion_d6c2df1df156ecd9.csv,0.08950000256299973,0.11249999701976776,0.08950000256299973,0.08950000256299973,0.09999999999999998,0.040000000000000036,0.05999999999999994,0.023,-0.06,UNLEARNING-BENEFICIAL,,,,,,,,,,
cell_eps2_a1_del100pct_s20260901_881b2da4,20260901,2.0006767867568085,1.0,1.0,INVALID,partitions\generated\deletion_7da128d9f9d59d50.csv,0.1145000010728836,0.09749999642372131,0.11349999904632568,0.09300000220537186,0.05499999999999999,0.055,0.03500000000000003,-0.017,0.0,INCONCLUSIVE,0.11400000005960464,0.08500000000000002,-0.0005,-0.03,0.12049999833106995,0.06,0.006,-0.005,100761856,6.439
cell_eps2_a1_del100pct_s20260902_b54bf27f,20260902,2.0006767867568085,1.0,1.0,INVALID,partitions\generated\deletion_7da128d9f9d59d50.csv,0.10400000214576721,0.10999999940395355,0.09149999916553497,0.09149999916553497,0.05999999999999997,0.02,0.08000000000000007,0.006,-0.04,UNLEARNING-HARMFUL,0.10450000315904617,0.06499999999999997,0.0005,0.005,0.10450000315904617,0.07999999999999999,0.0005,0.02,103910664,6.645
cell_eps2_a1_del100pct_s20260903_8bf2e2e8,20260903,2.0006767867568085,1.0,1.0,INVALID,partitions\generated\deletion_7da128d9f9d59d50.csv,0.08900000154972076,0.11649999767541885,0.0860000029206276,0.0860000029206276,0.07499999999999996,0.035,0.040000000000000036,0.0275,0.04,UNLEARNING-BENEFICIAL,0.08699999749660492,0.07999999999999996,-0.002,-0.005,0.0860000029206276,0.07000000000000006,-0.003,0.005,102215152,6.089
cell_eps2_a1_del25pct_s20260901_28618891,20260901,2.0006767867568085,1.0,0.25,INVALID,partitions\generated\deletion_77ffd853a1877089.csv,0.1145000010728836,0.10000000149011612,0.11400000005960464,0.09449999779462814,0.12,0.12,0.21999999999999997,-0.0145,0.0,INCONCLUSIVE,,,,,,,,,,
cell_eps2_a1_del25pct_s20260902_bad4bacf,20260902,2.0006767867568085,1.0,0.25,INVALID,partitions\generated\deletion_7f8a74713cc7b768.csv,0.10400000214576721,0.1080000028014183,0.0885000005364418,0.0885000005364418,0.09999999999999998,0.040000000000000036,0.22000000000000003,0.004,-0.06,UNLEARNING-HARMFUL,,,,,,,,,,
cell_eps2_a1_del25pct_s20260903_98631e5a,20260903,2.0006767867568085,1.0,0.25,INVALID,partitions\generated\deletion_d6c2df1df156ecd9.csv,0.08900000154972076,0.11800000071525574,0.08500000089406967,0.08550000190734863,0.12,0.040000000000000036,0.08000000000000002,0.029,0.0,UNLEARNING-BENEFICIAL,,,,,,,,,,
cell_eps4_a0.1_del100pct_s20260901_9c9c089a,20260901,3.9997858432729707,0.1,1.0,INVALID,partitions\generated\deletion_7da128d9f9d59d50.csv,0.09650000184774399,0.10899999737739563,0.10700000077486038,0.10700000077486038,0.07500000000000007,0.04166666666666674,0.09999999999999998,0.0125,-0.01667,REDUNDANT,0.09099999815225601,0.09166666666666667,-0.0055,-0.01667,0.09549999982118607,0.10833333333333339,-0.001,-0.03333,76055824,6.208
cell_eps4_a0.1_del100pct_s20260901_adb004ac,20260901,4.0000041561923405,0.1,1.0,INVALID,partitions\generated\deletion_7da128d9f9d59d50.csv,0.12150000035762787,0.12449999898672104,0.09749999642372131,0.09749999642372131,0.08333333333333334,0.09999999999999998,0.07500000000000007,0.003,-0.01667,INCONCLUSIVE,0.12549999356269836,0.07499999999999998,0.004,-0.00833,0.13750000298023224,0.10833333333333334,0.016,-0.025,100761856,7.731
cell_eps4_a0.1_del100pct_s20260902_439b79ef,20260902,4.0000041561923405,0.1,1.0,INVALID,partitions\generated\deletion_7da128d9f9d59d50.csv,0.09549999982118607,0.10199999809265137,0.11599999666213989,0.10199999809265137,0.06666666666666665,0.054545454545454564,0.042424242424242475,0.0065,0.01212,REDUNDANT,0.09049999713897705,0.07272727272727264,-0.005,-0.00606,0.10750000178813934,0.09696969696969698,0.012,-0.0303,103910664,7.834
cell_eps4_a0.1_del100pct_s20260903_dab80ebb,20260903,4.0000041561923405,0.1,1.0,INVALID,partitions\generated\deletion_7da128d9f9d59d50.csv,0.1080000028014183,0.10999999940395355,0.08550000190734863,0.09600000083446503,0.055118110236220486,0.047244094488188976,0.08661417322834647,0.002,0.00787,INCONCLUSIVE,0.10249999910593033,0.08661417322834641,-0.0055,-0.0315,0.10750000178813934,0.11811023622047245,-0.0005,-0.06299,102215152,8.737
cell_eps4_a0.1_del25pct_s20260901_39f76c2e,20260901,4.0000041561923405,0.1,0.25,INVALID,partitions\generated\deletion_77ffd853a1877089.csv,0.12150000035762787,0.11599999666213989,0.09350000321865082,0.09449999779462814,0.020000000000000018,0.10000000000000003,0.1,-0.0055,0.08,UNLEARNING-BENEFICIAL,,,,,,,,,,
cell_eps4_a0.1_del25pct_s20260902_60da9029,20260902,4.0000041561923405,0.1,0.25,INVALID,partitions\generated\deletion_7f8a74713cc7b768.csv,0.09549999982118607,0.12250000238418579,0.11349999904632568,0.10350000113248825,0.12,0.12,0.15999999999999998,0.027,0.0,UNLEARNING-BENEFICIAL,,,,,,,,,,
cell_eps4_a0.1_del25pct_s20260903_277e553d,20260903,4.0000041561923405,0.1,0.25,INVALID,partitions\generated\deletion_d6c2df1df156ecd9.csv,0.1080000028014183,0.10949999839067459,0.0885000005364418,0.10249999910593033,0.14,0.12,0.12,0.0015,0.02,UNLEARNING-BENEFICIAL,,,,,,,,,,
cell_eps4_a0.3_del100pct_s20260901_a3e02501,20260901,4.0000041561923405,0.3,1.0,INVALID,partitions\generated\deletion_7da128d9f9d59d50.csv,0.11699999868869781,0.12600000202655792,0.10050000250339508,0.10050000250339508,0.0625,0.1111111111111111,0.1111111111111111,0.009,-0.04861,UNLEARNING-HARMFUL,0.11999999731779099,0.06944444444444442,0.003,-0.00694,0.1274999976158142,0.10416666666666666,0.0105,-0.04167,100761856,6.215
cell_eps4_a0.3_del100pct_s20260902_26c7a890,20260902,4.0000041561923405,0.3,1.0,INVALID,partitions\generated\deletion_7da128d9f9d59d50.csv,0.0949999988079071,0.10450000315904617,0.10450000315904617,0.10400000214576721,0.037634408602150615,0.01612903225806453,0.06989247311827956,0.0095,-0.02151,UNLEARNING-HARMFUL,0.08749999850988388,0.032258064516129004,-0.0075,-0.00538,0.08250000327825546,0.037634408602150615,-0.0125,0.0,103910664,6.749
cell_eps4_a0.3_del100pct_s20260903_50e5345b,20260903,4.0000041561923405,0.3,1.0,INVALID,partitions\generated\deletion_7da128d9f9d59d50.csv,0.10949999839067459,0.1145000010728836,0.10300000011920929,0.10300000011920929,0.04929577464788737,0.028169014084507116,0.035211267605633756,0.005,0.00704,INCONCLUSIVE,0.1120000034570694,0.05633802816901412,0.0025,-0.00704,0.11050000041723251,0.08450704225352113,0.001,-0.03521,102215152,6.152
cell_eps4_a0.3_del25pct_s20260901_51dee10f,20260901,4.0000041561923405,0.3,0.25,INVALID,partitions\generated\deletion_77ffd853a1877089.csv,0.11699999868869781,0.1080000028014183,0.09549999982118607,0.0989999994635582,0.14,0.040000000000000036,0.17999999999999994,-0.009,-0.1,UNLEARNING-HARMFUL,,,,,,,,,,
cell_eps4_a0.3_del25pct_s20260902_0fce8c51,20260902,4.0000041561923405,0.3,0.25,INVALID,partitions\generated\deletion_7f8a74713cc7b768.csv,0.0949999988079071,0.10899999737739563,0.09849999845027924,0.09849999845027924,0.09999999999999998,0.020000000000000018,0.12,0.014,-0.08,UNLEARNING-HARMFUL,,,,,,,,,,
cell_eps4_a0.3_del25pct_s20260903_4fd46bc5,20260903,4.0000041561923405,0.3,0.25,INVALID,partitions\generated\deletion_d6c2df1df156ecd9.csv,0.10949999839067459,0.10849999636411667,0.1054999977350235,0.10400000214576721,0.08000000000000002,0.08000000000000002,0.14000000000000007,-0.001,0.0,INCONCLUSIVE,,,,,,,,,,
cell_eps4_a1_del100pct_s20260901_91192d57,20260901,4.0000041561923405,1.0,1.0,INVALID,partitions\generated\deletion_7da128d9f9d59d50.csv,0.1274999976158142,0.11400000005960464,0.1014999970793724,0.1014999970793724,0.08499999999999999,0.075,0.10000000000000009,-0.0135,0.01,INCONCLUSIVE,0.125,0.08000000000000002,-0.0025,0.005,0.12549999356269836,0.08499999999999999,-0.002,0.0,100761856,6.129
cell_eps4_a1_del100pct_s20260902_73a9edc1,20260902,4.0000041561923405,1.0,1.0,INVALID,partitions\generated\deletion_7da128d9f9d59d50.csv,0.09350000321865082,0.11249999701976776,0.11349999904632568,0.11050000041723251,0.040000000000000036,0.015000000000000013,0.06000000000000005,0.019,-0.025,UNLEARNING-HARMFUL,0.08900000154972076,0.04999999999999999,-0.0045,0.01,0.08749999850988388,0.050000000000000044,-0.006,0.01,103910664,6.522
cell_eps4_a1_del100pct_s20260903_83ea15bb,20260903,4.0000041561923405,1.0,1.0,INVALID,partitions\generated\deletion_7da128d9f9d59d50.csv,0.10750000178813934,0.11649999767541885,0.08649999648332596,0.1080000028014183,0.04500000000000004,0.03,0.039999999999999994,0.009,-0.005,REDUNDANT,0.10350000113248825,0.08000000000000007,-0.004,-0.035,0.10350000113248825,0.09500000000000008,-0.004,-0.05,102215152,6.346
cell_eps4_a1_del25pct_s20260901_2dc9d922,20260901,4.0000041561923405,1.0,0.25,INVALID,partitions\generated\deletion_77ffd853a1877089.csv,0.1274999976158142,0.10700000077486038,0.10350000113248825,0.10350000113248825,0.15999999999999998,0.12,0.19999999999999996,-0.0205,-0.04,UNLEARNING-HARMFUL,,,,,,,,,,
cell_eps4_a1_del25pct_s20260902_1516eea9,20260902,4.0000041561923405,1.0,0.25,INVALID,partitions\generated\deletion_7f8a74713cc7b768.csv,0.09350000321865082,0.10849999636411667,0.11249999701976776,0.10899999737739563,0.08000000000000007,0.040000000000000036,0.04000000000000001,0.015,-0.04,UNLEARNING-HARMFUL,,,,,,,,,,
cell_eps4_a1_del25pct_s20260903_3df618ac,20260903,4.0000041561923405,1.0,0.25,INVALID,partitions\generated\deletion_d6c2df1df156ecd9.csv,0.10750000178813934,0.10599999874830246,0.08649999648332596,0.10899999737739563,0.12,0.07999999999999996,0.020000000000000004,-0.0015,0.04,UNLEARNING-BENEFICIAL,,,,,,,,,,
cell_eps8_a0.1_del100pct_s20260901_6983c613,20260901,7.999016632296954,0.1,1.0,INVALID,partitions\generated\deletion_7da128d9f9d59d50.csv,0.10899999737739563,0.12150000035762787,0.10000000149011612,0.10000000149011612,0.07500000000000004,0.07499999999999998,0.05833333333333335,0.0125,0.0,INCONCLUSIVE,0.13750000298023224,0.09166666666666667,0.0285,-0.01667,0.12449999898672104,0.08333333333333334,0.0155,-0.00833,100761856,6.442
cell_eps8_a0.1_del100pct_s20260902_7786a48e,20260902,7.999016632296954,0.1,1.0,INVALID,partitions\generated\deletion_7da128d9f9d59d50.csv,0.12150000035762787,0.10499999672174454,0.09200000017881393,0.09200000017881393,0.09090909090909094,0.04242424242424243,0.07878787878787885,-0.0165,-0.02424,UNLEARNING-HARMFUL,0.11900000274181366,0.12121212121212122,-0.0025,-0.0303,0.11999999731779099,0.08484848484848487,-0.0015,0.00606,103910664,6.274
cell_eps8_a0.1_del100pct_s20260903_6c116a63,20260903,7.999016632296954,0.1,1.0,INVALID,partitions\generated\deletion_7da128d9f9d59d50.csv,0.10450000315904617,0.10400000214576721,0.07100000232458115,0.09700000286102295,0.0944881889763779,0.04724409448818895,0.031496062992125984,-0.0005,0.04724,UNLEARNING-BENEFICIAL,0.09700000286102295,0.09448818897637801,-0.0075,-0.0,0.09700000286102295,0.07086614173228345,-0.0075,0.02362,102215152,6.644
cell_eps8_a0.1_del25pct_s20260901_a08b0f98,20260901,7.999016632296954,0.1,0.25,INVALID,partitions\generated\deletion_77ffd853a1877089.csv,0.10899999737739563,0.13500000536441803,0.09700000286102295,0.09700000286102295,0.1,0.12,0.16000000000000003,0.026,0.02,UNLEARNING-BENEFICIAL,,,,,,,,,,
cell_eps8_a0.1_del25pct_s20260902_bccb6ada,20260902,7.999016632296954,0.1,0.25,INVALID,partitions\generated\deletion_7f8a74713cc7b768.csv,0.12150000035762787,0.11299999803304672,0.1014999970793724,0.1014999970793724,0.07999999999999996,0.09999999999999998,0.14,-0.0085,0.02,UNLEARNING-BENEFICIAL,,,,,,,,,,
cell_eps8_a0.1_del25pct_s20260903_de2d92b2,20260903,7.999016632296954,0.1,0.25,INVALID,partitions\generated\deletion_d6c2df1df156ecd9.csv,0.10450000315904617,0.09600000083446503,0.0560000017285347,0.09650000184774399,0.14,0.02,0.12,-0.0085,-0.08,UNLEARNING-HARMFUL,,,,,,,,,,
cell_eps8_a0.3_del100pct_s20260901_7d8935f7,20260901,7.999016632296954,0.3,1.0,INVALID,partitions\generated\deletion_7da128d9f9d59d50.csv,0.10199999809265137,0.11949999630451202,0.0820000022649765,0.08250000327825546,0.07638888888888884,0.1111111111111111,0.11111111111111116,0.0175,-0.03472,UNLEARNING-HARMFUL,0.13449999690055847,0.09027777777777779,0.0325,-0.01389,0.10700000077486038,0.11111111111111116,0.005,-0.03472,100761856,6.613
cell_eps8_a0.3_del100pct_s20260902_014a7376,20260902,7.999016632296954,0.3,1.0,INVALID,partitions\generated\deletion_7da128d9f9d59d50.csv,0.09950000047683716,0.09700000286102295,0.10199999809265137,0.10199999809265137,0.06451612903225801,0.05913978494623656,0.06451612903225801,-0.0025,0.00538,INCONCLUSIVE,0.10199999809265137,0.05913978494623651,0.0025,0.00538,0.10949999839067459,0.053763440860215006,0.01,0.01075,103910664,6.269
cell_eps8_a0.3_del100pct_s20260903_20b210bf,20260903,7.999016632296954,0.3,1.0,INVALID,partitions\generated\deletion_7da128d9f9d59d50.csv,0.10499999672174454,0.12049999833106995,0.08399999886751175,0.09600000083446503,0.056338028169014065,0.04929577464788737,0.049295774647887314,0.0155,-0.00704,INCONCLUSIVE,0.10849999636411667,0.11971830985915494,0.0035,-0.03521,0.10450000315904617,0.07746478873239437,-0.0005,0.00704,102215152,6.579
cell_eps8_a0.3_del25pct_s20260901_cf46a6f7,20260901,7.999016632296954,0.3,0.25,INVALID,partitions\generated\deletion_77ffd853a1877089.csv,0.10199999809265137,0.12300000339746475,0.08799999952316284,0.08799999952316284,0.12,0.07999999999999996,0.19999999999999996,0.021,-0.04,UNLEARNING-BENEFICIAL,,,,,,,,,,
cell_eps8_a0.3_del25pct_s20260902_71d95b3d,20260902,7.999016632296954,0.3,0.25,INVALID,partitions\generated\deletion_7f8a74713cc7b768.csv,0.09950000047683716,0.10100000351667404,0.10199999809265137,0.10199999809265137,0.16000000000000003,0.040000000000000036,0.1,0.0015,0.04,UNLEARNING-BENEFICIAL,,,,,,,,,,
cell_eps8_a0.3_del25pct_s20260903_624eea8b,20260903,7.999016632296954,0.3,0.25,INVALID,partitions\generated\deletion_d6c2df1df156ecd9.csv,0.10499999672174454,0.1274999976158142,0.08799999952316284,0.09449999779462814,0.040000000000000036,0.040000000000000036,0.14,0.0225,0.0,UNLEARNING-BENEFICIAL,,,,,,,,,,
cell_eps8_a1_del100pct_s20260901_3192c2aa,20260901,7.999016632296954,1.0,1.0,INVALID,partitions\generated\deletion_7da128d9f9d59d50.csv,0.10849999636411667,0.12099999934434891,0.07800000160932541,0.10350000113248825,0.065,0.09000000000000002,0.07500000000000007,0.0125,0.005,INCONCLUSIVE,0.10899999737739563,0.095,0.0005,0.0,0.10899999737739563,0.05499999999999999,0.0005,-0.01,100761856,7.608
cell_eps8_a1_del100pct_s20260901_b7c1b0b9,20260901,8.000731141771828,1.0,1.0,INVALID,partitions\generated\deletion_7da128d9f9d59d50.csv,0.11150000244379044,0.11900000274181366,0.09749999642372131,0.11749999970197678,0.05500000000000005,0.05999999999999994,0.10499999999999998,0.0075,-0.005,REDUNDANT,0.0949999988079071,0.05500000000000005,-0.0165,0.0,0.10899999737739563,0.06500000000000006,-0.0025,-0.01,76055824,5.932
cell_eps8_a1_del100pct_s20260902_43f628d9,20260902,7.999016632296954,1.0,1.0,INVALID,partitions\generated\deletion_7da128d9f9d59d50.csv,0.09799999743700027,0.10999999940395355,0.08349999785423279,0.09300000220537186,0.07,0.020000000000000018,0.05499999999999999,0.012,0.02,INCONCLUSIVE,0.10100000351667404,0.04999999999999999,0.003,0.02,0.1080000028014183,0.07999999999999996,0.01,-0.01,103910664,8.387
cell_eps8_a1_del100pct_s20260903_e1696d39,20260903,7.999016632296954,1.0,1.0,INVALID,partitions\generated\deletion_7da128d9f9d59d50.csv,0.10350000113248825,0.11649999767541885,0.1340000033378601,0.11599999666213989,0.030000000000000027,0.03,0.015000000000000013,0.013,-0.0,INCONCLUSIVE,0.09749999642372131,0.05500000000000005,-0.006,0.025,0.09650000184774399,0.03500000000000003,-0.007,0.005,102215152,8.048
cell_eps8_a1_del25pct_s20260901_0fe2cda5,20260901,7.999016632296954,1.0,0.25,INVALID,partitions\generated\deletion_77ffd853a1877089.csv,0.10849999636411667,0.1120000034570694,0.07750000059604645,0.09300000220537186,0.18,0.07999999999999996,0.09999999999999998,0.0035,-0.06,UNLEARNING-HARMFUL,,,,,,,,,,
cell_eps8_a1_del25pct_s20260902_e9c142ca,20260902,7.999016632296954,1.0,0.25,INVALID,partitions\generated\deletion_7f8a74713cc7b768.csv,0.09799999743700027,0.10649999976158142,0.09049999713897705,0.10999999940395355,0.14,0.12,0.09999999999999998,0.0085,0.02,UNLEARNING-BENEFICIAL,,,,,,,,,,
cell_eps8_a1_del25pct_s20260903_954480f2,20260903,7.999016632296954,1.0,0.25,INVALID,partitions\generated\deletion_d6c2df1df156ecd9.csv,0.10350000113248825,0.11649999767541885,0.11400000005960464,0.11400000005960464,0.12000000000000005,0.040000000000000036,0.12,0.013,-0.08,UNLEARNING-HARMFUL,,,,,,,,,,
cell_epsinf_a0.1_del100pct_s20260901_2b00c31c,20260901,inf,0.1,1.0,WARNING,partitions\generated\deletion_7da128d9f9d59d50.csv,0.26750001311302185,0.24699999392032623,0.24799999594688416,0.2639999985694885,0.1166666666666667,0.08333333333333334,0.06666666666666668,-0.0205,0.03333,UNLEARNING-BENEFICIAL,0.22450000047683716,0.05833333333333335,-0.043,0.04167,0.22200000286102295,0.09166666666666667,-0.0455,0.025,91073216,6.387
cell_epsinf_a0.1_del100pct_s20260902_a224e0c8,20260902,inf,0.1,1.0,INVALID,partitions\generated\deletion_7da128d9f9d59d50.csv,0.22599999606609344,0.24400000274181366,0.21250000596046448,0.22699999809265137,0.12121212121212122,0.06666666666666668,0.042424242424242364,0.018,0.05455,UNLEARNING-BENEFICIAL,0.15399999916553497,0.048484848484848464,-0.072,0.06061,0.22349999845027924,0.04242424242424242,-0.0025,0.05455,94222024,6.341
cell_epsinf_a0.1_del100pct_s20260903_8b333bfc,20260903,inf,0.1,1.0,WARNING,partitions\generated\deletion_7da128d9f9d59d50.csv,0.2630000114440918,0.31850001215934753,0.28850001096725464,0.31200000643730164,0.14960629921259844,0.16535433070866146,0.12598425196850394,0.0555,-0.01575,UNLEARNING-BENEFICIAL,0.23600000143051147,0.07086614173228348,-0.027,0.0,0.2554999887943268,0.11023622047244094,-0.0075,0.03937,92526512,6.38
cell_epsinf_a0.1_del25pct_s20260901_c3d45235,20260901,inf,0.1,0.25,WARNING,partitions\generated\deletion_77ffd853a1877089.csv,0.26750001311302185,0.2745000123977661,0.2705000042915344,0.28200000524520874,0.2,0.16,0.12,0.007,0.04,UNLEARNING-BENEFICIAL,,,,,,,,,,
cell_epsinf_a0.1_del25pct_s20260902_8fb849e7,20260902,inf,0.1,0.25,INVALID,partitions\generated\deletion_7f8a74713cc7b768.csv,0.22599999606609344,0.23499999940395355,0.25049999356269836,0.24650000035762787,0.12,0.18000000000000005,0.10000000000000003,0.009,-0.02,UNLEARNING-HARMFUL,,,,,,,,,,
cell_epsinf_a0.1_del25pct_s20260903_946a0925,20260903,inf,0.1,0.25,WARNING,partitions\generated\deletion_d6c2df1df156ecd9.csv,0.2630000114440918,0.2939999997615814,0.2549999952316284,0.2590000033378601,0.12000000000000002,0.14,0.14,0.031,0.02,UNLEARNING-BENEFICIAL,,,,,,,,,,
cell_epsinf_a0.3_del100pct_s20260901_52f4aa89,20260901,inf,0.3,1.0,WARNING,partitions\generated\deletion_7da128d9f9d59d50.csv,0.29499998688697815,0.26600000262260437,0.2705000042915344,0.2705000042915344,0.0763888888888889,0.09027777777777779,0.06944444444444453,-0.029,-0.01389,UNLEARNING-HARMFUL,0.2029999941587448,0.0625,-0.092,-0.0,0.265500009059906,0.05555555555555558,-0.0295,-0.00694,91073216,6.386
cell_epsinf_a0.3_del100pct_s20260902_1d2cfabe,20260902,inf,0.3,1.0,WARNING,partitions\generated\deletion_7da128d9f9d59d50.csv,0.23849999904632568,0.22050000727176666,0.2759999930858612,0.25699999928474426,0.04838709677419356,0.06451612903225809,0.05376344086021512,-0.018,-0.00538,INCONCLUSIVE,0.17599999904632568,0.043010752688172005,-0.0625,-0.00538,0.23749999701976776,0.02688172043010753,-0.001,-0.02151,94222024,6.403
cell_epsinf_a0.3_del100pct_s20260903_51d4aaa9,20260903,inf,0.3,1.0,WARNING,partitions\generated\deletion_7da128d9f9d59d50.csv,0.2615000009536743,0.27799999713897705,0.27950000762939453,0.27950000762939453,0.08450704225352107,0.09154929577464788,0.08450704225352118,0.0165,-0.00704,INCONCLUSIVE,0.18649999797344208,0.04225352112676056,-0.075,-0.04225,0.24150000512599945,0.06338028169014087,-0.02,-0.02113,92526512,6.96
cell_epsinf_a0.3_del25pct_s20260901_96cac9fa,20260901,inf,0.3,0.25,WARNING,partitions\generated\deletion_77ffd853a1877089.csv,0.29499998688697815,0.26899999380111694,0.289000004529953,0.289000004529953,0.09999999999999998,0.10000000000000009,0.12,-0.026,0.0,UNLEARNING-HARMFUL,,,,,,,,,,
cell_epsinf_a0.3_del25pct_s20260902_6c09b88d,20260902,inf,0.3,0.25,WARNING,partitions\generated\deletion_7f8a74713cc7b768.csv,0.23849999904632568,0.24150000512599945,0.26249998807907104,0.27950000762939453,0.15999999999999998,0.1,0.12000000000000002,0.003,0.02,INCONCLUSIVE,,,,,,,,,,
cell_epsinf_a0.3_del25pct_s20260903_ca30b487,20260903,inf,0.3,0.25,WARNING,partitions\generated\deletion_d6c2df1df156ecd9.csv,0.2615000009536743,0.25999999046325684,0.2680000066757202,0.2680000066757202,0.18000000000000005,0.12,0.08000000000000002,-0.0015,0.06,UNLEARNING-BENEFICIAL,,,,,,,,,,
cell_epsinf_a1_del100pct_s20260901_c13191c2,20260901,inf,1.0,1.0,INVALID,partitions\generated\deletion_7da128d9f9d59d50.csv,0.2685000002384186,0.2590000033378601,0.25200000405311584,0.24799999594688416,0.06,0.050000000000000044,0.044999999999999984,-0.0095,0.01,INCONCLUSIVE,0.12150000035762787,0.04500000000000004,-0.147,0.015,0.257999986410141,0.039999999999999925,-0.0105,0.02,68789344,5.722
cell_epsinf_a1_del100pct_s20260901_e44335f7,20260901,inf,1.0,1.0,WARNING,partitions\generated\deletion_7da128d9f9d59d50.csv,0.2939999997615814,0.32749998569488525,0.2720000147819519,0.289000004529953,0.04999999999999999,0.05499999999999999,0.07,0.0335,0.005,UNLEARNING-BENEFICIAL,0.20350000262260437,0.04500000000000004,-0.0905,-0.005,0.27000001072883606,0.044999999999999984,-0.024,-0.005,91073216,8.385
cell_epsinf_a1_del100pct_s20260902_f078717b,20260902,inf,1.0,1.0,WARNING,partitions\generated\deletion_7da128d9f9d59d50.csv,0.28450000286102295,0.29499998688697815,0.3294999897480011,0.3199999928474426,0.08500000000000002,0.04999999999999999,0.06000000000000005,0.0105,0.035,UNLEARNING-BENEFICIAL,0.2524999976158142,0.035,-0.032,0.02,0.273499995470047,0.05,-0.011,0.035,94222024,7.925
cell_epsinf_a1_del100pct_s20260903_42697641,20260903,inf,1.0,1.0,WARNING,partitions\generated\deletion_7da128d9f9d59d50.csv,0.2750000059604645,0.3075000047683716,0.3100000023841858,0.30649998784065247,0.12000000000000005,0.12,0.05500000000000001,0.0325,0.0,UNLEARNING-BENEFICIAL,0.22100000083446503,0.05000000000000002,-0.054,0.04,0.24250000715255737,0.06999999999999995,-0.0325,0.05,92526512,7.457
cell_epsinf_a1_del25pct_s20260901_86257ec8,20260901,inf,1.0,0.25,WARNING,partitions\generated\deletion_77ffd853a1877089.csv,0.2939999997615814,0.3070000112056732,0.2955000102519989,0.30149999260902405,0.06000000000000005,0.09999999999999998,0.08000000000000007,0.013,0.04,UNLEARNING-BENEFICIAL,,,,,,,,,,
cell_epsinf_a1_del25pct_s20260902_7374dd87,20260902,inf,1.0,0.25,WARNING,partitions\generated\deletion_7f8a74713cc7b768.csv,0.28450000286102295,0.28600001335144043,0.34700000286102295,0.34700000286102295,0.12,0.18,0.06000000000000005,0.0015,-0.06,UNLEARNING-HARMFUL,,,,,,,,,,
cell_epsinf_a1_del25pct_s20260903_789db9ab,20260903,inf,1.0,0.25,WARNING,partitions\generated\deletion_d6c2df1df156ecd9.csv,0.2750000059604645,0.3034999966621399,0.31700000166893005,0.30250000953674316,0.21999999999999997,0.16000000000000003,0.15999999999999992,0.0285,0.02,UNLEARNING-BENEFICIAL,,,,,,,,,,
